<?xml version="1.0" encoding="UTF-8"?>
<menu xmlns="http://example.com/menu"
      xmlns:xsi="http://www.w3.org/2001/XMLSchema-instance"
      xsi:schemaLocation="http://example.com/menu mensa.xsd">
    <date>Donnerstag, 14.12.2023</date>
    <timing>
        Mensa: 11.15-14:00 Uhr (Vorlesungszeit) bzw. 11.15-13:30 Uhr (vorlesungsfreie Zeit)
        Cafeteria: 7:30 - 14:30 Uhr (Mo-Fr)
    </timing>
    <menuItems>
        <menuItem>
            <name>Brötchen</name>
            <category>Veg</category>
            <priceStudent>0.45</priceStudent>
            <priceEmployee>1.60</priceEmployee>
            <priceGuest>2.60</priceGuest>
        </menuItem>
        <menuItem>
            <name>eine Wiener zum Eintopf</name>
            <category>Veg</category>
            <priceStudent>0.60</priceStudent>
            <priceEmployee>0.70</priceEmployee>
            <priceGuest>0.70</priceGuest>
        </menuItem>
        <!-- Add more menuItem elements as needed -->
    </menuItems>
    <zusatzstoffe>
        <zusatzstoff>mit Farbstoff</zusatzstoff>
        <zusatzstoff>mit Konservierungsstoff</zusatzstoff>
        <!-- Add more zusatzstoff elements as needed -->
    </zusatzstoffe>
    <allergene>
        <allergen>Glutenhaltiges Getreide</allergen>
        <allergen>Krebstiere und daraus hergestellte Erzeugnisse</allergen>
        <!-- Add more allergen elements as needed -->
    </allergene>
    <kennzeichnungen>
        <kennzeichnung>Rindfleisch</kennzeichnung>
        <kennzeichnung>Schweinefleisch</kennzeichnung>
        <!-- Add more kennzeichnung elements as needed -->
    </kennzeichnungen>
</menu>
