<?xml version="1.0" encoding="UTF-8"?><html xmlns="http://www.w3.org/1999/xhtml" dir="ltr" lang="de-de" class="" xml:lang="de-de">
<head>
<meta name="generator" content="HTML Tidy for HTML5 for Windows version 5.8.0"/>
<meta http-equiv="content-type" content="text/html; charset=utf-8"/><!-- 
        This website is powered by TYPO3 - inspiring people to share!
        TYPO3 is a free open source Content Management Framework initially created by Kasper Skaarhoj and licensed under GNU/GPL.
        TYPO3 is copyright 1998-2023 of Kasper Skaarhoj. Extensions are copyright of their respective owners.
        Information and contribution at https://typo3.org/
-->
<link rel="icon" href="https://www.stw-greifswald.de/_assets/1c791381f7de6338bfbb1aae2335a5d0/Icons/favicon.png" type="image/png"/>
<title>Mensa Stralsund - stw-greifswald.de</title>
<meta name="generator" content="TYPO3 CMS"/>
<meta name="viewport" content="width=device-width, initial-scale=1"/>
<meta name="twitter:card" content="summary"/>
<meta name="format-detection" content="telephone=no"/>
<link rel="stylesheet" href="../../Nextcloud/lehre/webengineering1/z_23_ws/aufgabe%202/mensa/Mensa%20Stralsund%2014.12.2023-Dateien/merged-03e8bd6c0b044ae96e43465176fbf737-aa72eb83060fc5174dba.css" media="all"/>
<link href="../../Nextcloud/lehre/webengineering1/z_23_ws/aufgabe%202/mensa/Mensa%20Stralsund%2014.12.2023-Dateien/menu-table.min.css" rel="stylesheet"/>
<link rel="canonical" href="https://www.stw-greifswald.de/essen/speiseplan/mensa-stralsund"/>
<link rel="alternate" hreflang="de-de" href="https://www.stw-greifswald.de/essen/speiseplan/mensa-stralsund"/>
<link rel="alternate" hreflang="en-US" href="https://www.stw-greifswald.de/en/food/meal-plans/refectory-stralsund"/>
<link rel="alternate" hreflang="x-default" href="https://www.stw-greifswald.de/essen/speiseplan/mensa-stralsund"/>
</head>
<body class="default page-124 language-de color-light-blue">
<header class="header"><a href="#main-content" class="skip-nav-link">Navigation überspringen</a> <a href="https://www.stw-greifswald.de/" title="zur Startseite" class="logo js-logo"><img loading="lazy" src="../../Nextcloud/lehre/webengineering1/z_23_ws/aufgabe%202/mensa/Mensa%20Stralsund%2014.12.2023-Dateien/studentenwerk_greifswald.svg" alt="Studentenwerk Greifswald" class="logo__large"/> <img loading="lazy" src="../../Nextcloud/lehre/webengineering1/z_23_ws/aufgabe%202/mensa/Mensa%20Stralsund%2014.12.2023-Dateien/studentenwerk_greifswald_short.svg" alt="Studentenwerk Greifswald" class="logo__small"/></a>
<div class="navbutton js-togglemenu"/>
<a href="https://www.stw-greifswald.de/en/food/meal-plans/refectory-stralsund" class="language-switch" title="">English<span class="iconfont">w</span></a>
<div class="header__wrapper js-header__wrapper">
<div id="searchbar" class="js-navbar">
<div class="container searchnav__wrapper">
<div class="search__wrapper">
<div class="search">
<form role="search" method="post" action="/suche?tx_indexedsearch_pi2%5Baction%5D=search&amp;tx_indexedsearch_pi2%5Bcontroller%5D=Search&amp;cHash=a9a2d9f648eb16c002f6e343ec16c05a">
<div><input type="hidden" name="tx_indexedsearch_pi2[__referrer][@extension]" value="sitepackage"/> <input type="hidden" name="tx_indexedsearch_pi2[__referrer][@controller]" value="Standard"/>
<input type="hidden" name="tx_indexedsearch_pi2[__referrer][@action]" value="default"/>
<input type="hidden" name="tx_indexedsearch_pi2[__referrer][arguments]" value="YTowOnt93c5e0f0afdb82cc3f12ad8540fb325fbd15c77cb"/> <input type="hidden" name="tx_indexedsearch_pi2[__referrer][@request]" value="{&#34;@extension&#34;:&#34;sitepackage&#34;,&#34;@controller&#34;:&#34;Standard&#34;,&#34;@action&#34;:&#34;default&#34;}3df7fc4cc2105aa1e329ae118695e71ea1f22f5c"/>
 <input type="hidden" name="tx_indexedsearch_pi2[__trustedProperties]" value="{&#34;search&#34;:{&#34;submitButton&#34;:1}}738813b4a8f06e7d8f642786a139b4f0e8374954"/>
</div>
<input class="tx-indexedsearch-searchbox-sword" id="tx-indexedsearch-searchbox-sword" type="search" name="tx_indexedsearch_pi2[search][sword]" aria-label="search text" size="21" placeholder="Suchen im Studierendenwerk"/> <input class="tx-indexedsearch-searchbox-button" id="tx-indexedsearch-searchbox-button-submit" type="submit" value="s" name="tx_indexedsearch_pi2[search][submitButton]"/></form>
</div>
</div>
<nav aria-label="Studentenwerk Greifswald">
<ul id="menubar" role="menubar" aria-label="Studentenwerk Greifswald">
<li role="none"><a class="active" role="menuitem" aria-haspopup="true" aria-expanded="false" href="https://www.stw-greifswald.de/essen" tabindex="0">Essen</a>
<ul role="menu" aria-label="Essen">
<li role="none"><a class="active" role="menuitem" href="https://www.stw-greifswald.de/essen/speiseplan" tabindex="-1">Speiseplan</a></li>
<li role="none"><a class="" role="menuitem" href="https://www.stw-greifswald.de/essen/mensen-cafeterien" tabindex="-1">Mensen &amp; Cafeterien</a></li>
<li role="none"><a class="" role="menuitem" href="https://www.stw-greifswald.de/essen/bezahlen" tabindex="-1">Bezahlen</a></li>
</ul>
<span class="menuindicator js-indicator">+</span></li>
<li role="none"><a class="" role="menuitem" aria-haspopup="true" aria-expanded="false" href="https://www.stw-greifswald.de/wohnen" tabindex="-1">Wohnen</a>
<ul role="menu" aria-label="Essen">
<li role="none"><a class="" role="menuitem" href="https://www.stw-greifswald.de/wohnen/onlineantrag" tabindex="-1">Onlineantrag</a></li>
<li role="none"><a class="" role="menuitem" href="https://www.stw-greifswald.de/wohnen/wohnheime" tabindex="-1">Wohnheime</a></li>
<li role="none"><a class="" role="menuitem" href="https://www.stw-greifswald.de/wohnen/infos-fuer-neubewerberinnen" tabindex="-1">Infos für Neubewerber*innen</a></li>
<li role="none"><a class="" role="menuitem" href="https://www.stw-greifswald.de/wohnen/einzug-auszug" tabindex="-1">Einzug &amp; Auszug</a></li>
<li role="none"><a class="" role="menuitem" href="https://www.stw-greifswald.de/wohnen/umzug-wohnheimswechsel" tabindex="-1">Umzug &amp; Wohnheimwechsel</a></li>
<li role="none"><a class="" role="menuitem" href="https://www.stw-greifswald.de/wohnen/leben-im-wohnheim" tabindex="-1">Leben im Wohnheim</a></li>
</ul>
<span class="menuindicator js-indicator">+</span></li>
<li role="none"><a class="" role="menuitem" aria-haspopup="true" aria-expanded="false" href="https://www.stw-greifswald.de/finanzierung" tabindex="-1">Finanzierung</a>
<ul role="menu" aria-label="Essen">
<li role="none"><a class="" role="menuitem" href="https://www.stw-greifswald.de/finanzierung/informationen-zum-bafoeg" tabindex="-1">Informationen zum BAföG</a></li>
<li role="none"><a class="" role="menuitem" href="https://www.stw-greifswald.de/finanzierung/sachbearbeiterinnen" tabindex="-1">Sachbearbeiter*innen</a></li>
<li role="none"><a class="" role="menuitem" href="https://www.stw-greifswald.de/finanzierung/bafoeg-antraege-formblaetter" tabindex="-1">BAföG Anträge &amp; Formblätter</a></li>
<li role="none"><a class="" role="menuitem" href="https://www.stw-greifswald.de/finanzierung/weitere-finanzierungsmoeglichkeiten" tabindex="-1">Weitere Finanzierungsmöglichkeiten</a></li>
</ul>
<span class="menuindicator js-indicator">+</span></li>
<li role="none"><a class="" role="menuitem" aria-haspopup="true" aria-expanded="false" href="https://www.stw-greifswald.de/soziales" tabindex="-1">Soziales</a>
<ul role="menu" aria-label="Essen">
<li role="none"><a class="" role="menuitem" href="https://www.stw-greifswald.de/soziales/sozialberatung" tabindex="-1">Sozialberatung</a></li>
<li role="none"><a class="" role="menuitem" href="https://www.stw-greifswald.de/soziales/psychologische-beratung" tabindex="-1">Psychologische Beratung</a></li>
<li role="none"><a class="" role="menuitem" href="https://www.stw-greifswald.de/soziales/rechtsberatung" tabindex="-1">Rechtsberatung</a></li>
<li role="none"><a class="" role="menuitem" href="https://www.stw-greifswald.de/soziales/erstsemester" tabindex="-1">Erstsemester</a></li>
<li role="none"><a class="" role="menuitem" href="https://www.stw-greifswald.de/soziales/studierende-mit-kind" tabindex="-1">Studierende mit Kind</a></li>
<li role="none"><a class="" role="menuitem" href="https://www.stw-greifswald.de/soziales/kita-campuskinder" tabindex="-1">Kita Campuskinder</a></li>
<li role="none"><a class="" role="menuitem" href="https://www.stw-greifswald.de/soziales/studierende-mit-handicap" tabindex="-1">Studierende mit Beeinträchtigung</a></li>
</ul>
<span class="menuindicator js-indicator">+</span></li>
<li role="none"><a class="" role="menuitem" aria-haspopup="true" aria-expanded="false" href="https://www.stw-greifswald.de/international" tabindex="-1">International</a>
<ul role="menu" aria-label="Essen">
<li role="none"><a class="" role="menuitem" href="https://www.stw-greifswald.de/international/orientieren-in-der-neuen-stadt" tabindex="-1">Orientieren in der neuen Stadt</a></li>
<li role="none"><a class="" role="menuitem" href="https://www.stw-greifswald.de/international/ein-neues-zuhause-finden" tabindex="-1">Ein neues Zuhause finden</a></li>
<li role="none"><a class="" role="menuitem" href="https://www.stw-greifswald.de/international/mein-studium-finanzieren" tabindex="-1">Mein Studium finanzieren</a></li>
<li role="none"><a class="" role="menuitem" href="https://www.stw-greifswald.de/international/formalitaeten-nach-der-einreise" tabindex="-1">Formalitäten nach der Einreise</a></li>
</ul>
<span class="menuindicator js-indicator">+</span></li>
<li role="none"><a class="" role="menuitem" aria-haspopup="true" aria-expanded="false" href="https://www.stw-greifswald.de/ueber-uns" tabindex="-1">Über
uns</a>
<ul role="menu" aria-label="Essen">
<li role="none"><a class="" role="menuitem" href="https://www.stw-greifswald.de/ueber-uns/aufgaben-organisation" tabindex="-1">Aufgaben &amp; Organisation</a></li>
<li role="none"><a class="" role="menuitem" href="https://www.stw-greifswald.de/ueber-uns/studentische-beteiligung" tabindex="-1">Studentische Beteiligung</a></li>
<li role="none"><a class="" role="menuitem" href="https://www.stw-greifswald.de/ueber-uns/finanzen" tabindex="-1">Finanzen</a></li>
<li role="none"><a class="" role="menuitem" href="https://www.stw-greifswald.de/ueber-uns/karriere" tabindex="-1">Karriere</a></li>
<li role="none"><a class="" role="menuitem" href="https://www.stw-greifswald.de/ueber-uns/presse" tabindex="-1">Presse</a></li>
<li role="none"><a class="" role="menuitem" href="https://www.stw-greifswald.de/ueber-uns/zentrale-telefonnummern" tabindex="-1">Zentrale Telefonnummern</a></li>
<li role="none"><a class="" role="menuitem" href="https://www.stw-greifswald.de/ueber-uns/oeffnungszeiten-im-ueberblick" tabindex="-1">Öffnungszeiten</a></li>
<li role="none"><a class="" role="menuitem" href="https://www.stw-greifswald.de/ueber-uns/downloads-formulare-antraege" tabindex="-1">Downloads, Formulare &amp; Anträge</a></li>
</ul>
<span class="menuindicator js-indicator">+</span></li>
</ul>
</nav>
</div>
</div>
<div class="service_nav_wrapper">
<nav>
<ul class="service__nav">
<li class="servicenav__item"><a href="https://www.stw-greifswald.de/ueber-uns/oeffnungszeiten-im-ueberblick" title="Öffnungszeiten">Öffnungszeiten</a></li>
<li class="servicenav__item"><a href="https://www.stw-greifswald.de/ueber-uns/zentrale-telefonnummern" title="Zentrale Telefonnummern">Zentrale Telefonnummern</a></li>
<li class="servicenav__item"><a href="https://www.stw-greifswald.de/kontakt" title="Kontakt">Kontakt</a></li>
</ul>
</nav>
<a href="https://www.instagram.com/studierendenwerkgreifswald" rel="nofollow" title="Instagram" class="socialmedia__link" target="_blank"><span class="iconfont">u</span></a> <a href="https://www.facebook.com/studierendenwerkgreifswald" rel="nofollow" title="Facebook" class="socialmedia__link" target="_blank"><span class="iconfont">f</span></a></div>
</div>
</header>
<main id="main-content"><!--TYPO3SEARCH_begin-->
<div class="section section--grey">
<div class="container">
<nav aria-label="Breadcrumb" class="breadcrumb">
<ol>
<li><a href="https://www.stw-greifswald.de/" title="Startseite">Startseite</a></li>
<li><a href="https://www.stw-greifswald.de/essen">Essen</a></li>
<li><a href="https://www.stw-greifswald.de/essen/speiseplan">Speiseplan</a></li>
<li><span aria-current="page" title="Mensa Stralsund">Mensa
Stralsund</span></li>
</ol>
</nav>
</div>
<div class="container center">
<div class="col-12">
<div class="icon icon-essen icon--category"/>
<h1>Speiseplan Mensa Stralsund</h1>
<p class="lead">Für Qualität und Gastorientierung ist uns Ihre
Meinung wichtig! Umfragen zu unserem Leistungsangebot, Feedback im
Internet und Ansprechpartner vor Ort geben Ihnen die Möglichkeit,
Kritik oder Lob weiterzugeben.</p>
<a href="https://www.stw-greifswald.de/feedback-formular" class="btn btn--feedback">Feedback geben</a></div>
</div>
</div>
<div class="section section--white">
<div class="container">
<div class="col-12">
<div id="c159" class="frame frame-default frame-type-list frame-layout-0">
<div class="container container-md">
<div class="menuwrapper">
<div class="menuheader">
<div class="icon icon-essen icon--menu"/>
<span>Speisepläne</span></div>
<form class="form form--menu food-menu-form" action="">
<div class="row">
<div class="col-12 col-sm-6">
<div class="selectdiv"><select class="select" id="location-select">
<option value="/essen/speiseplan/mensa-am-berthold-beitz-platz">
Mensa am Berthold-Beitz-Platz</option>
<option value="/essen/speiseplan/mensa-am-campus-loefflerstrasse">
Mensa am Campus Loefflerstraße</option>
<option value="/essen/speiseplan/mensa-neubrandenburg">Mensa
Neubrandenburg</option>
<option value="/essen/speiseplan/mensa-stralsund" selected="selected">Mensa Stralsund</option>
</select></div>
</div>
<div class="col-12 col-sm-6">
<div class="selectdiv"><select class="select day-select" name="datum" data-days="{&#34;1&#34;:&#34;Montag&#34;,&#34;2&#34;:&#34;Dienstag&#34;,&#34;3&#34;:&#34;Mittwoch&#34;,&#34;4&#34;:&#34;Donnerstag&#34;,&#34;5&#34;:&#34;Freitag&#34;}">
<option value="2023-12-14" selected="selected">Donnerstag,
14.12.2023</option>
<option value="2023-12-15">Freitag, 15.12.2023</option>
<option value="2023-12-18">Montag, 18.12.2023</option>
<option value="2023-12-19">Dienstag, 19.12.2023</option>
<option value="2023-12-20">Mittwoch, 20.12.2023</option>
</select></div>
</div>
</div>
<div class="submitdiv"><input type="submit" class="btn_show_menu" value="Speiseplan anzeigen"/></div>
</form>
</div>
</div>
<div id="food-menu" class="food-menu">
<div class="food-menu-navigation">
<div class="food-menu-navigation__move food-menu-navigation__move--left food-menu-navigation__move--disabled">
<img src="../../Nextcloud/lehre/webengineering1/z_23_ws/aufgabe%202/mensa/Mensa%20Stralsund%2014.12.2023-Dateien/arrow.svg" alt=""/></div>
<div class="food-menu-navigation__date">Donnerstag,
14.12.2023</div>
<a href="https://www.stw-greifswald.de/essen/speiseplan/mensa-stralsund?datum=2023-12-15#food-menu" class="food-menu-navigation__move food-menu-navigation__move--right"><img src="../../Nextcloud/lehre/webengineering1/z_23_ws/aufgabe%202/mensa/Mensa%20Stralsund%2014.12.2023-Dateien/arrow.svg" alt=""/></a></div>
<h1>Speiseplan - Mensa Stralsund</h1>
<h2>Donnerstag, 14.12.2023 <span class="hidden-print">( <a href="https://www.stw-greifswald.de/essen/speiseplan/mensa-stralsund?datum=" class="btn btn-default btn-sm" role="button">heute</a> - <a href="https://www.stw-greifswald.de/essen/speiseplan/mensa-stralsund?datum=2023-12-15" class="btn btn-default btn-sm" role="button">Freitag, 15.12.23</a>
)</span></h2>
<div class="csc-textpic-text" style="font-size: 16px; line-height: 24px;">Mensa: 11.15-14:00 Uhr
(Vorlesungszeit) bzw. 11.15-13:30 Uhr (vorlesungsfreie Zeit)<br/>
Cafeteria: 7:30 - 14:30 Uhr (Mo-Fr)</div>
<div class="table-wrapper">
<table class="menu-table">
<tbody>
<tr class="menu-table-row">
<td>Tellergericht
<div class="icon-tellergericht" title="Tellergericht"/>
<div class="icon-rind" title="Rind"/>
<div class="icon-schwein" title="Schwein"/>
</td>
<td>Ausgabe</td>
<td>Student</td>
<td>Mitarbeiter</td>
<td>Gast</td>
</tr>
<tr>
<td>Brötchen <sup>(9,G,A)</sup></td>
<td>Veg</td>
<td>0,45 €</td>
<td>0,60 €</td>
<td>0,60 €</td>
</tr>
<tr>
<td>eine Wiener zum Eintopf <sup>(1,2,3,7,S)</sup></td>
<td>Veg</td>
<td>0,60 €</td>
<td>0,70 €</td>
<td>0,70 €</td>
</tr>
<tr>
<td>Ungarischer Kartoffeltopf, Teller
<sup>(2,3,5,7,9,R,S,G,I,J)</sup></td>
<td>Veg</td>
<td>1,50 €</td>
<td>2,35 €</td>
<td>3,30 €</td>
</tr>
<tr>
<td>Knacker pur <sup>(1,2,3,7,S,G,J)</sup></td>
<td>Veg</td>
<td>1,70 €</td>
<td>1,85 €</td>
<td>1,85 €</td>
</tr>
<tr>
<td>Ungarischer Kartoffeltopf, Terrine
<sup>(2,3,5,7,9,R,S,G,I,J)</sup></td>
<td>Veg</td>
<td>2,20 €</td>
<td>3,25 €</td>
<td>4,40 €</td>
</tr>
</tbody>
</table>
</div>
<div class="table-wrapper">
<table class="menu-table">
<tbody>
<tr class="menu-table-row">
<td>Komponente 3
<div class="icon-gefluegel" title="Geflügel"/>
</td>
<td>Ausgabe</td>
<td>Student</td>
<td>Mitarbeiter</td>
<td>Gast</td>
</tr>
<tr>
<td>Mediterrane Hähnchenpfanne <sup>(3,6,12,Gefl)</sup></td>
<td>2</td>
<td>2,25 €</td>
<td>3,10 €</td>
<td>3,95 €</td>
</tr>
</tbody>
</table>
</div>
<div class="table-wrapper">
<table class="menu-table">
<tbody>
<tr class="menu-table-row">
<td>Komponente 4
<div class="icon-rind" title="Rind"/>
</td>
<td>Ausgabe</td>
<td>Student</td>
<td>Mitarbeiter</td>
<td>Gast</td>
</tr>
<tr>
<td>Gebratene Rinderleber mit Zwiebelsoße <sup>(3,R)</sup></td>
<td>1</td>
<td>2,35 €</td>
<td>3,20 €</td>
<td>4,05 €</td>
</tr>
</tbody>
</table>
</div>
<div class="table-wrapper">
<table class="menu-table">
<tbody>
<tr class="menu-table-row">
<td>Vegane Komponente 1
<div class="icon-vegetarisch" title="Vegetarisch"/>
</td>
<td>Ausgabe</td>
<td>Student</td>
<td>Mitarbeiter</td>
<td>Gast</td>
</tr>
<tr>
<td>Frühlingsrolle <sup>(14,A,I)</sup> mit Tomaten-Chilisoße
<sup>(9)</sup></td>
<td>Veg</td>
<td>2,00 €</td>
<td>2,85 €</td>
<td>3,75 €</td>
</tr>
</tbody>
</table>
</div>
<div class="table-wrapper">
<table class="menu-table">
<tbody>
<tr class="menu-table-row">
<td>Pasta nach Gewicht (pro 100g)
<div class="icon-pasta" title="Pasta"/>
<div class="icon-rind" title="Rind"/>
<div class="icon-schwein" title="Schwein"/>
</td>
<td>Ausgabe</td>
<td>Student</td>
<td>Mitarbeiter</td>
<td>Gast</td>
</tr>
<tr>
<td>Nudeln <sup>(A)</sup> Champignon-Sahne-Sauce ( Pastasauce)
<sup>(2,3,12,R,S,G,K)</sup></td>
<td>4</td>
<td>0,60 €</td>
<td>0,90 €</td>
<td>1,20 €</td>
</tr>
</tbody>
</table>
</div>
<div class="table-wrapper">
<table class="menu-table">
<tbody>
<tr class="menu-table-row">
<td>Beilagen</td>
<td>Ausgabe</td>
<td>Student</td>
<td>Mitarbeiter</td>
<td>Gast</td>
</tr>
<tr>
<td>Kartoffelpüree <sup>(9,G)</sup></td>
<td>1</td>
<td>0,70 €</td>
<td>1,00 €</td>
<td>1,40 €</td>
</tr>
<tr>
<td>Kräuterreis</td>
<td>Veg</td>
<td>0,70 €</td>
<td>1,00 €</td>
<td>1,40 €</td>
</tr>
<tr>
<td>Salzkartoffeln <sup>(5,14)</sup></td>
<td>1, 2</td>
<td>0,70 €</td>
<td>1,00 €</td>
<td>1,40 €</td>
</tr>
<tr>
<td>Waffel-Kartoffeln (Criss Cuts) <sup>(A)</sup></td>
<td>2</td>
<td>1,00 €</td>
<td>1,30 €</td>
<td>1,70 €</td>
</tr>
</tbody>
</table>
</div>
<div class="table-wrapper">
<table class="menu-table">
<tbody>
<tr class="menu-table-row">
<td>Gemüse</td>
<td>Ausgabe</td>
<td>Student</td>
<td>Mitarbeiter</td>
<td>Gast</td>
</tr>
<tr>
<td>Erbsengemüse <sup>(G)</sup></td>
<td>1, 2</td>
<td>0,70 €</td>
<td>1,00 €</td>
<td>1,40 €</td>
</tr>
<tr>
<td>Brokkoli</td>
<td>1, 2</td>
<td>0,90 €</td>
<td>1,20 €</td>
<td>1,60 €</td>
</tr>
</tbody>
</table>
</div>
<div class="table-wrapper">
<table class="menu-table">
<tbody>
<tr class="menu-table-row">
<td>Salate und Desserts</td>
<td>Student</td>
<td>Mitarbeiter</td>
<td>Gast</td>
</tr>
<tr>
<td>Frische Salate und verschiedene Desserts stehen zur
Auswahl.</td>
<td> </td>
<td> </td>
<td> </td>
</tr>
</tbody>
</table>
</div>
<div class="csc-textpic-text">Änderungen vorbehalten.</div>
</div>
</div>
</div>
</div>
</div>
<div id="c511" class="frame frame-default frame-type-shortcut frame-layout-0">
<div class="section section--white">
<div class="container-md">
<div class="col-12">
<h2>Kennzeichnungspflichtige Zusatzstoffe</h2>
<ul class="list list--menu">
<li><span class="listnumber">1</span>mit Farbstoff</li>
<li><span class="listnumber">2</span>mit Konservierungsstoff</li>
<li><span class="listnumber">3</span>mit Antioxidationsmittel</li>
<li><span class="listnumber">4</span>mit Geschmacksverstärker</li>
<li><span class="listnumber">5</span>geschwefelt</li>
<li><span class="listnumber">6</span>geschwärzt</li>
<li><span class="listnumber">7</span>mit Phosphat</li>
<li><span class="listnumber">8</span>enthält eine
Phenylalaninquelle</li>
<li><span class="listnumber">9</span>jodiertes Salz</li>
<li><span class="listnumber">10</span>flouriertes Salz</li>
<li><span class="listnumber">11</span>coffeinhaltig</li>
<li><span class="listnumber">12</span>alkoholhaltig</li>
<li><span class="listnumber">13</span>chininhaltig</li>
<li><span class="listnumber">14</span>gewachst</li>
<li><span class="listnumber">15</span>mit Süßungsmittel</li>
</ul>
<h2>Kennzeichnungspflichtige Allergene</h2>
<ul class="list list--menu">
<li><span class="listnumber">A</span>Glutenhaltiges Getreide</li>
<li><span class="listnumber">B</span>Krebstiere und daraus
hergestellte Erzeugnisse</li>
<li><span class="listnumber">C</span>Eier und daraus hergestellte
Erzeugnisse</li>
<li><span class="listnumber">D</span>Fische und daraus hergestellte
Erzeugnisse</li>
<li><span class="listnumber">E</span>Erdnüsse und daraus
hergestellte Erzeugnisse</li>
<li><span class="listnumber">F</span>Sojabohnen und daraus
hergestellte Erzeugnisse</li>
<li><span class="listnumber">G</span>Milch/Milchzucker
(Laktose)</li>
<li><span class="listnumber">H</span>Schalenfrüchte und daraus
hergestellte Erzeugnisse (Mandeln, Haselnuss usw.)</li>
<li><span class="listnumber">I</span>Sellerie und daraus
hergestellte Erzeugnisse</li>
<li><span class="listnumber">J</span>Senf und daraus hergestellte
Erzeugnisse</li>
<li><span class="listnumber">K</span>Schwefeldioxid und Sulphite in
Konzentration von mehr als 10mg/kg oder 10mg/l, als SO2
angegeben</li>
<li><span class="listnumber">L</span>Sesamsamen und daraus
hergestellte Erzeugnisse</li>
<li><span class="listnumber">M</span>Lupinen und daraus
hergestellte Erzeugnisse</li>
<li><span class="listnumber">N</span>Weichtiere und daraus
hergestellte Erzeugnisse</li>
</ul>
<h2>Sonstige Kennzeichnungen</h2>
<ul class="list list--menu">
<li><span class="listnumber">R</span>Rindfleisch</li>
<li><span class="listnumber">S</span>Schweinefleisch</li>
<li><span class="listnumber">Gefl</span>Geflügel</li>
<li><span class="listnumber">W</span>Wildfleisch</li>
</ul>
<div id="c508" class="frame frame-default frame-type-text frame-layout-0">
<header class="header-0">
<h2 class="">Information zu enthaltenen Inhaltsstoffen</h2>
</header>
<p>Die Angaben über die Inhaltsstoffe beruhen auf Informationen,
die wir von den Herstellern und Lieferanten erhalten. Aufgrund der
Produktvielfalt der Hersteller ist es möglich, dass es zu
Kreuzkontaminationen kommt und auch Anteile von nicht aufgeführten
Inhaltsstoffen in den Produkten enthalten sind. Des Weiteren bringt
es der Betrieb einer Großküche mit sich, dass sich bei der
Zusammenführung der verschiedenen Speisenkomponenten die
Inhaltsstoffe vermischen und damit auch in diesem
Produktionsschritt Kreuzkontaminationen auftreten können. Wir
können daher nicht ausschließen, dass in den angebotenen Speisen
neben den gekennzeichneten nicht noch weitere Inhaltsstoffe
vorhanden sind. Das Studierendenwerk Greifswald übernimmt daher
keine Haftung für die Vollständigkeit der aufgeführten
Inhaltsstoffe.</p>
</div>
</div>
</div>
</div>
</div>
<!--TYPO3SEARCH_end--></main>
<footer class="footer">
<div class="container">
<div class="row">
<div class="col-12 col-md-3">
<p class="strong">Studierendenwerk</p>
<nav class="navbar">
<ul class="nav__list">
<li class="nav__item"><a href="https://www.stw-greifswald.de/ueber-uns/zentrale-telefonnummern" title="Zentrale Telefonnummern" class="nav__link">Zentrale
Telefonnummern</a></li>
<li class="nav__item"><a href="https://www.stw-greifswald.de/ueber-uns/oeffnungszeiten-im-ueberblick" title="Öffnungszeiten auf einen Blick" class="nav__link">Öffnungszeiten auf einen Blick</a></li>
<li class="nav__item"><a href="https://www.stw-greifswald.de/ueber-uns/downloads-formulare-antraege" title="Downloads, Formulare &amp; Anträge" class="nav__link">Downloads, Formulare &amp; Anträge</a></li>
<li class="nav__item"><a href="https://www.stw-greifswald.de/ueber-uns/finanzen/studierendenwerksbeitrag" title="Studierendenwerksbeitrag" class="nav__link">Studierendenwerksbeitrag</a></li>
<li class="nav__item"><a href="https://www.stw-greifswald.de/ueber-uns/karriere" title="Jobs &amp; Karriere" class="nav__link">Jobs &amp;
Karriere</a></li>
</ul>
</nav>
</div>
<div class="col-12 col-md-3">
<p class="strong">Zu den Hochschulen</p>
<nav class="navbar">
<ul class="nav__list">
<li class="nav__item"><a href="https://www.uni-greifswald.de/" title="Universität Greifswald" target="_blank" rel="noreferrer" class="nav__link">Universität Greifswald</a></li>
<li class="nav__item"><a href="https://www.hochschule-stralsund.de/" title="Hochschule Stralsund" target="_blank" rel="noreferrer" class="nav__link">Hochschule
Stralsund</a></li>
<li class="nav__item"><a href="https://www.hs-nb.de/" title="Hochschule Neubrandenburg" target="_blank" rel="noreferrer" class="nav__link">Hochschule Neubrandenburg</a></li>
</ul>
</nav>
</div>
<div class="col-12 col-md-6">
<p class="strong">Zertifizierungen &amp; Mitgliedschaften</p>
<ul class="logolist">
<li class="logolist__item"><img loading="lazy" src="../../Nextcloud/lehre/webengineering1/z_23_ws/aufgabe%202/mensa/Mensa%20Stralsund%2014.12.2023-Dateien/csm_Label_oekostrom_80px_2795984817.png" width="130" height="106" alt=""/></li>
<li class="logolist__item"><img loading="lazy" src="../../Nextcloud/lehre/webengineering1/z_23_ws/aufgabe%202/mensa/Mensa%20Stralsund%2014.12.2023-Dateien/csm_Ort_mit_Meerwert_98dc0c31b4.jpg" width="130" height="130" alt=""/></li>
<li class="logolist__item"><img loading="lazy" src="../../Nextcloud/lehre/webengineering1/z_23_ws/aufgabe%202/mensa/Mensa%20Stralsund%2014.12.2023-Dateien/csm_logo_paritaet_2f11d81574.jpg" width="130" height="38" alt=""/></li>
</ul>
</div>
</div>
</div>
<div class="container">
<hr/></div>
<div class="container">
<div class="row">
<div class="col-12 col-md-3 margin-bottom-1">
<nav class="navbar">
<p>Studierendenwerk Greifswald<br/>
Anstalt des öffentlichen Rechts<br/>
Bahnhofstraße 44 b<br/>
17489 Greifswald</p>
</nav>
</div>
<div class="col-12 col-md-3 margin-bottom-1">
<nav class="navbar">
<nav class="navbar">
<ul class="nav__list">
<li class="nav__item"><a href="https://www.stw-greifswald.de/datenschutz" title="Datenschutz" class="nav__link nav__link--thin">Datenschutz</a></li>
<li class="nav__item"><a href="https://www.stw-greifswald.de/barrierefreiheitserklaerung" title="Barrierefreiheitserklärung" class="nav__link nav__link--thin">Barrierefreiheitserklärung</a></li>
<li class="nav__item"><a href="https://www.stw-greifswald.de/haftungsausschluss" title="Haftungsausschluss" class="nav__link nav__link--thin">Haftungsausschluss</a></li>
<li class="nav__item"><a href="https://www.stw-greifswald.de/impressum" title="Impressum" class="nav__link nav__link--thin">Impressum</a></li>
</ul>
</nav>
</nav>
</div>
</div>
</div>
<div class="copyright">
<div class="container">© 2023 Studierendenwerk Greifswald</div>
</div>
</footer>
<div class="mobile_menu">
<div class="navbutton navbutton--search js-close-menu active">
</div>
<div class="menuwrapper">
<div class="menuheader">
<div class="icon icon-essen icon--menu"/>
<span>Speisepläne</span></div>
<form class="form form--menu food-menu-form" action="">
<div class="row">
<div class="col-12 col-sm-6">
<div class="selectdiv"><select class="select" id="location-select">
<option value="/essen/speiseplan/mensa-am-berthold-beitz-platz" selected="selected">Mensa am Berthold-Beitz-Platz</option>
<option value="/essen/speiseplan/mensa-am-campus-loefflerstrasse">
Mensa am Campus Loefflerstraße</option>
<option value="/essen/speiseplan/mensa-neubrandenburg">Mensa
Neubrandenburg</option>
<option value="/essen/speiseplan/mensa-stralsund">Mensa
Stralsund</option>
</select></div>
</div>
<div class="col-12 col-sm-6">
<div class="selectdiv"><select class="select day-select" name="datum" data-days="{&#34;1&#34;:&#34;Montag&#34;,&#34;2&#34;:&#34;Dienstag&#34;,&#34;3&#34;:&#34;Mittwoch&#34;,&#34;4&#34;:&#34;Donnerstag&#34;,&#34;5&#34;:&#34;Freitag&#34;}">
<option value="2023-12-14" selected="selected">Donnerstag,
14.12.2023</option>
<option value="2023-12-15">Freitag, 15.12.2023</option>
<option value="2023-12-18">Montag, 18.12.2023</option>
<option value="2023-12-19">Dienstag, 19.12.2023</option>
<option value="2023-12-20">Mittwoch, 20.12.2023</option>
</select></div>
</div>
</div>
<div class="submitdiv"><input type="submit" class="btn_show_menu" value="Speiseplan anzeigen"/></div>
</form>
</div>
</div>
<div class="search__wrapper search__wrapper--mobile">
<div class="navbutton navbutton--search js-close-search active">
</div>
<div class="search">
<form role="search" method="post" id="tx_indexedsearch-mobile" action="/suche?tx_indexedsearch_pi2%5Baction%5D=search&amp;tx_indexedsearch_pi2%5Bcontroller%5D=Search&amp;cHash=a9a2d9f648eb16c002f6e343ec16c05a" name="tx_indexedsearch-mobile">
<div><input type="hidden" name="tx_indexedsearch_pi2[__referrer][@extension]" value="sitepackage"/> <input type="hidden" name="tx_indexedsearch_pi2[__referrer][@controller]" value="Standard"/>
<input type="hidden" name="tx_indexedsearch_pi2[__referrer][@action]" value="default"/>
<input type="hidden" name="tx_indexedsearch_pi2[__referrer][arguments]" value="YTowOnt93c5e0f0afdb82cc3f12ad8540fb325fbd15c77cb"/> <input type="hidden" name="tx_indexedsearch_pi2[__referrer][@request]" value="{&#34;@extension&#34;:&#34;sitepackage&#34;,&#34;@controller&#34;:&#34;Standard&#34;,&#34;@action&#34;:&#34;default&#34;}3df7fc4cc2105aa1e329ae118695e71ea1f22f5c"/>
 <input type="hidden" name="tx_indexedsearch_pi2[__trustedProperties]" value="{&#34;search&#34;:{&#34;submitButton&#34;:1}}738813b4a8f06e7d8f642786a139b4f0e8374954"/>
</div>
<input class="tx-indexedsearch-searchbox-sword" id="tx-indexedsearch-searchbox-sword-mobile" type="search" name="tx_indexedsearch_pi2[search][sword]" aria-label="search text" size="21" placeholder="Suchen im Studierendenwerk"/> <input class="tx-indexedsearch-searchbox-button" id="tx-indexedsearch-searchbox-button-submit-mobile" type="submit" value="s" name="tx_indexedsearch_pi2[search][submitButton]"/></form>
</div>
</div>
<div class="tabbar"><a href="#" class="icon icon-essen js-open-menu"/> <a href="https://www.stw-greifswald.de/kontakt" class="icon icon-feedback"/> <a href="#" class="icon icon-search js-open-search"/></div>
<a href="#" class="scroll-top hide"><img src="../../Nextcloud/lehre/webengineering1/z_23_ws/aufgabe%202/mensa/Mensa%20Stralsund%2014.12.2023-Dateien/arrow-up.svg" alt=""/></a>
<template id="cookie-modal">
<dialog class="data-consent fixed">
<form method="dialog">
<section><a tabindex="0" class="data-consent-focus-catch"/>
<a class="logo" href="https://www.stw-greifswald.de/"/>
<div class="info-text">
<h2>Ihre Daten – Ihre Entscheidung</h2>
<p>Wir benutzen Cookies, die für das Funktionieren der Website
zwingend erforderlich sind.<br/>
Über jede weitere Nutzung entscheiden Sie selbst.</p>
<p>Nicht zwingend erforderliche Cookies können mit der
Weiterleitung personenbezogener Daten verbunden sein. Weitere
Informationen erhalten Sie in unserer <a data-privacy-policy-link="true" target="_blank" href="https://www.stw-greifswald.de/datenschutz#data-privacy">Datenschutzerklärung</a></p>
<p>Mit Ihrer Auswahl bestimmen Sie über die Einbindung von externen
Diensten und der damit verbundenen Datenspeicherung:</p>
</div>
<div class="data-consent-options horizontal">
<div class="data-consent-option"><input type="checkbox" value="functional" id="data-consent-option-functional"/> <label for="data-consent-option-functional"><strong>funktionelle
Verbesserungen</strong>, indem Videos und andere externe Inhalte
dargestellt werden:</label> <a data-privacy-policy-link="true" target="_blank" href="https://www.stw-greifswald.de/datenschutz#functional">Datenschutzerklärung</a></div>
</div>
<div class="data-consent-transatlantic-services">
<p>Weiterleitung von Daten außerhalb der EU</p>
<p><strong>Aufgrund Ihrer Entscheidung können Daten über Ihr
Nutzerverhalten auch an Unternehmen außerhalb der Europäischen
Union übermittelt werden</strong> und unterliegen damit
möglicherweise dem Risiko des Zugriffs nationaler
Sicherheitsbehörden, ohne dass Sie dagegen einen dem europäischen
Niveau entsprechenden Schutz Ihrer Rechte nutzen können.</p>
<div class="data-consent-transatlantic-services-confirmation">
<div class="tristate"><label><input type="radio" value="0" name="transatlantic-services"/>Nein</label><label><input type="radio" value="1" name="transatlantic-services"/>Ja</label></div>
<div><span data-yes="Ja – ich stimme in" data-no="Nein – ich stimme wegen">Bitte stimmen Sie in</span>
<strong>Kenntnis der möglichen Risiken</strong> der Nutzung
folgender Dienste zu: <strong>[].</strong>
<a data-privacy-policy-link="true" target="_blank" href="https://www.stw-greifswald.de/datenschutz#data-privacy">Datenschutzerklärung</a>.</div>
</div>
</div>
<menu><button type="submit" value="accept"><span class="hide-for-single-mode">Eigene</span> Auswahl bestätigen</button>
<span>oder</span> <button type="submit" value="accept-all">Alle
Nutzungen akzeptieren</button></menu>
</section>
</form>
<div class="dialog-caption">Ihre Auswahl wird gespeichert und kann
bei einem Neuaufruf der Seite jederzeit geändert werden.</div>
</dialog>
</template>
<div class="qb-dc-snackbar qb-dc-snackbar--open" id="data-consent-notification">
<div class="qb-dc-snackbar__surface">
<div class="qb-dc-snackbar__label" role="status" aria-live="polite">Ihre gespeicherten Datenschutz Einstellungen werden
angewandt.</div>
<div class="qb-dc-snackbar__actions">
<div class="qb-dc-button__ripple"/>
<button type="button" class="qb-dc-button qb-dc-snackbar__action"><span class="qb-dc-button__label">Bearbeiten</span></button> <button class="qb-dc-icon-button qb-dc-snackbar__dismiss material-icons" title="Dismiss">×</button></div>
</div>
</div>
<script src="../../Nextcloud/lehre/webengineering1/z_23_ws/aufgabe%202/mensa/Mensa%20Stralsund%2014.12.2023-Dateien/merged-f7fa4d4efd0ee027ac10664ec99dd8f9-79f1bb8708e73f86e4362.js"/>
<dialog class="data-consent fixed" data-banner="0">
<form method="dialog">
<section><a tabindex="0" class="data-consent-focus-catch"/>
<a class="logo" href="https://www.stw-greifswald.de/"/>
<div class="info-text">
<h2>Ihre Daten – Ihre Entscheidung</h2>
<p>Wir benutzen Cookies, die für das Funktionieren der Website
zwingend erforderlich sind.<br/>
Über jede weitere Nutzung entscheiden Sie selbst.</p>
<p>Nicht zwingend erforderliche Cookies können mit der
Weiterleitung personenbezogener Daten verbunden sein. Weitere
Informationen erhalten Sie in unserer <a data-privacy-policy-link="true" target="_blank" href="https://www.stw-greifswald.de/datenschutz#data-privacy">Datenschutzerklärung</a></p>
<p>Mit Ihrer Auswahl bestimmen Sie über die Einbindung von externen
Diensten und der damit verbundenen Datenspeicherung:</p>
</div>
<div class="data-consent-options horizontal">
<div class="data-consent-option"><input type="checkbox" value="functional" id="data-consent-option-functional" checked="checked"/> <label for="data-consent-option-functional"><strong>funktionelle
Verbesserungen</strong>, indem Videos und andere externe Inhalte
dargestellt werden:</label> <a data-privacy-policy-link="true" target="_blank" href="https://www.stw-greifswald.de/datenschutz#functional">Datenschutzerklärung</a></div>
</div>
<div class="data-consent-transatlantic-services">
<p>Weiterleitung von Daten außerhalb der EU</p>
<p><strong>Aufgrund Ihrer Entscheidung können Daten über Ihr
Nutzerverhalten auch an Unternehmen außerhalb der Europäischen
Union übermittelt werden</strong> und unterliegen damit
möglicherweise dem Risiko des Zugriffs nationaler
Sicherheitsbehörden, ohne dass Sie dagegen einen dem europäischen
Niveau entsprechenden Schutz Ihrer Rechte nutzen können.</p>
<div class="data-consent-transatlantic-services-confirmation">
<div class="tristate"><label><input type="radio" value="0" name="transatlantic-services"/>Nein</label><label><input type="radio" value="1" name="transatlantic-services"/>Ja</label></div>
<div><span data-yes="Ja – ich stimme in" data-no="Nein – ich stimme wegen" data-default="Bitte stimmen Sie in">Bitte
stimmen Sie in</span> <strong>Kenntnis der möglichen
Risiken</strong> der Nutzung folgender Dienste zu:
<strong>[].</strong> <a data-privacy-policy-link="true" target="_blank" href="https://www.stw-greifswald.de/datenschutz#data-privacy">Datenschutzerklärung</a>.</div>
</div>
</div>
<menu><button type="submit" value="accept"><span class="hide-for-single-mode">Eigene</span> Auswahl bestätigen</button>
<span>oder</span> <button type="submit" value="accept-all">Alle
Nutzungen akzeptieren</button></menu>
</section>
</form>
<div class="dialog-caption">Ihre Auswahl wird gespeichert und kann
bei einem Neuaufruf der Seite jederzeit geändert werden.</div>
</dialog>
</body>
</html>